"Kingdom","Phylum","Class","Order","Family","Genus"
"Bacteria","Fusobacteria","Fusobacteriia","Fusobacteriales","Fusobacteriaceae","Cetobacterium"
"Bacteria","Fusobacteria","Fusobacteriia","Fusobacteriales","Fusobacteriaceae","Cetobacterium"
"Bacteria","Acidobacteria","Blastocatellia_(Subgroup_4)","Blastocatellales","Blastocatellaceae",NA
"Bacteria","Proteobacteria","Gammaproteobacteria","Pseudomonadales","Moraxellaceae","Acinetobacter"
"Bacteria","Actinobacteria","Actinobacteria","Corynebacteriales","Corynebacteriaceae","Corynebacterium_1"
"Bacteria","Acidobacteria","Blastocatellia_(Subgroup_4)","Blastocatellales","Blastocatellaceae",NA
"Bacteria","Firmicutes","Bacilli","Bacillales","Bacillaceae","Bacillus"
"Bacteria","Proteobacteria","Gammaproteobacteria","Pseudomonadales","Moraxellaceae","Moraxella"
"Bacteria","Bacteroidetes","Bacteroidia","Cytophagales","Spirosomaceae","Spirosoma"
"Bacteria","Cyanobacteria","Oxyphotobacteria","Chloroplast",NA,NA
"Bacteria","Proteobacteria","Gammaproteobacteria","Xanthomonadales","Xanthomonadaceae","Stenotrophomonas"
"Bacteria","Proteobacteria","Alphaproteobacteria","Rhizobiales","Xanthobacteraceae",NA
"Bacteria","Proteobacteria","Deltaproteobacteria","Bdellovibrionales","Bdellovibrionaceae","Bdellovibrio"
"Bacteria","Fusobacteria","Fusobacteriia","Fusobacteriales","Fusobacteriaceae",NA
"Bacteria","Firmicutes","Bacilli","Lactobacillales","Streptococcaceae","Streptococcus"
"Bacteria","Proteobacteria","Deltaproteobacteria","Oligoflexales","0319-6G20",NA
"Bacteria","Proteobacteria","Gammaproteobacteria","Betaproteobacteriales","Burkholderiaceae","Undibacterium"
"Bacteria","Proteobacteria","Gammaproteobacteria","Betaproteobacteriales","Rhodocyclaceae","Azospira"
"Bacteria","Bacteroidetes","Bacteroidia","Flavobacteriales","Flavobacteriaceae","Psychroflexus"
"Bacteria","Proteobacteria","Alphaproteobacteria","Sphingomonadales","Sphingomonadaceae","Sandaracinobacter"
"Bacteria","Proteobacteria","Alphaproteobacteria","Paracaedibacterales","Paracaedibacteraceae","Candidatus_Captivus"
"Bacteria","Bacteroidetes","Bacteroidia","Flavobacteriales","Flavobacteriaceae","Muricauda"
"Bacteria","Actinobacteria","Actinobacteria","Frankiales",NA,NA
"Bacteria","Actinobacteria","Actinobacteria","Frankiales",NA,NA
"Eukaryota",NA,NA,NA,NA,NA
"Bacteria","Proteobacteria","Deltaproteobacteria","Bdellovibrionales","Bdellovibrionaceae","Bdellovibrio"
"Bacteria","Proteobacteria","Alphaproteobacteria","Caulobacterales","Caulobacteraceae",NA
"Bacteria","Fusobacteria","Fusobacteriia","Fusobacteriales","Fusobacteriaceae","Cetobacterium"
"Bacteria","Fusobacteria","Fusobacteriia","Fusobacteriales","Fusobacteriaceae","Cetobacterium"
"Bacteria","Proteobacteria","Gammaproteobacteria","Alteromonadales","Alteromonadaceae","Rheinheimera"
"Bacteria","Cyanobacteria","Melainabacteria","Obscuribacterales",NA,NA
"Bacteria","Proteobacteria","Alphaproteobacteria","Sphingomonadales","Sphingomonadaceae","Sphingomonas"
"Bacteria","Proteobacteria","Deltaproteobacteria","Bdellovibrionales","Bdellovibrionaceae","Bdellovibrio"
"Bacteria","Proteobacteria","Gammaproteobacteria","Betaproteobacteriales","Burkholderiaceae","Duganella"
"Bacteria","Bacteroidetes","Bacteroidia","Cytophagales","Microscillaceae",NA
"Bacteria","Verrucomicrobia","Verrucomicrobiae","Verrucomicrobiales","Rubritaleaceae","Luteolibacter"
"Bacteria","Bacteroidetes","Bacteroidia","Bacteroidales","Tannerellaceae","Macellibacteroides"
"Bacteria","Bacteroidetes","Bacteroidia","Cytophagales","Spirosomaceae","Spirosoma"
"Eukaryota",NA,NA,NA,NA,NA
"Bacteria","Actinobacteria","Actinobacteria","Frankiales",NA,NA
"Bacteria","Proteobacteria","Gammaproteobacteria","Alteromonadales","Alteromonadaceae","Rheinheimera"
"Bacteria","Proteobacteria","Alphaproteobacteria","Rhizobiales","Rhizobiaceae","Ochrobactrum"
"Bacteria","Bacteroidetes","Bacteroidia","Cytophagales","Microscillaceae",NA
"Bacteria","Actinobacteria","Actinobacteria","Frankiales",NA,NA
"Bacteria","Proteobacteria","Alphaproteobacteria","Rhodobacterales","Rhodobacteraceae","Defluviimonas"
"Bacteria","Proteobacteria","Gammaproteobacteria","Betaproteobacteriales","Burkholderiaceae","Rubrivivax"
"Bacteria","Acidobacteria","Blastocatellia_(Subgroup_4)","Blastocatellales","Blastocatellaceae","Blastocatella"
"Bacteria","Proteobacteria","Gammaproteobacteria","Betaproteobacteriales","Burkholderiaceae","Aquabacterium"
"Eukaryota",NA,NA,NA,NA,NA
"Bacteria","Deinococcus-Thermus","Deinococci","Deinococcales","Trueperaceae","Truepera"
"Bacteria","Acidobacteria","Acidobacteriia","Acidobacteriales","Acidobacteriaceae_(Subgroup_1)","Terriglobus"
"Eukaryota",NA,NA,NA,NA,NA
"Bacteria","Bacteroidetes","Bacteroidia","Flavobacteriales","Flavobacteriaceae","Croceibacter"
"Bacteria","Firmicutes","Bacilli","Bacillales","Bacillaceae","Anoxybacillus"
"Bacteria","Proteobacteria","Gammaproteobacteria","Alteromonadales","Alteromonadaceae","Rheinheimera"
"Bacteria","Proteobacteria","Deltaproteobacteria",NA,NA,NA
"Bacteria","Patescibacteria","Saccharimonadia","Saccharimonadales",NA,NA
"Bacteria","Firmicutes","Bacilli","Bacillales","Bacillaceae","Anoxybacillus"
"Bacteria","Cyanobacteria","Oxyphotobacteria","Chloroplast",NA,NA
"Bacteria","Proteobacteria","Gammaproteobacteria","Betaproteobacteriales","Burkholderiaceae","Limnobacter"
"Bacteria","Proteobacteria","Gammaproteobacteria","Pseudomonadales","Moraxellaceae","Acinetobacter"
"Bacteria","Bacteroidetes","Bacteroidia","Chitinophagales","Chitinophagaceae","Dinghuibacter"
"Bacteria","Proteobacteria","Alphaproteobacteria","Rhizobiales","Beijerinckiaceae","Bosea"
"Bacteria","Proteobacteria","Gammaproteobacteria",NA,NA,NA
"Bacteria","Proteobacteria","Gammaproteobacteria","Pseudomonadales","Moraxellaceae","Perlucidibaca"
"Bacteria","Proteobacteria","Gammaproteobacteria","Xanthomonadales","Xanthomonadaceae","Stenotrophomonas"
"Bacteria","Proteobacteria","Gammaproteobacteria","Betaproteobacteriales","Burkholderiaceae","Pelomonas"
"Bacteria","Cyanobacteria","Oxyphotobacteria","Leptolyngbyales","Leptolyngbyaceae","HAVOmat113"
"Bacteria","Bacteroidetes","Bacteroidia","Chitinophagales","Chitinophagaceae","Dinghuibacter"
"Bacteria","Proteobacteria","Gammaproteobacteria","Betaproteobacteriales","Burkholderiaceae","Pelomonas"
"Bacteria","Proteobacteria","Gammaproteobacteria","Betaproteobacteriales","Burkholderiaceae","Comamonas"
"Bacteria","Proteobacteria","Deltaproteobacteria","Myxococcales","Polyangiaceae","Pajaroellobacter"
"Bacteria","Nitrospirae","Nitrospira","Nitrospirales","Nitrospiraceae","Nitrospira"
"Bacteria","Bacteroidetes","Bacteroidia","Cytophagales","Hymenobacteraceae","Hymenobacter"
"Bacteria","Firmicutes","Clostridia","Clostridiales","Peptostreptococcaceae","Paraclostridium"
"Bacteria","Proteobacteria","Gammaproteobacteria","Aeromonadales","Aeromonadaceae","Aeromonas"
"Bacteria","Firmicutes","Erysipelotrichia","Erysipelotrichales","Erysipelotrichaceae","Erysipelotrichaceae_UCG-009"
"Bacteria","Actinobacteria","Actinobacteria","Corynebacteriales","Corynebacteriaceae","Corynebacterium_1"
"Bacteria","Proteobacteria","Gammaproteobacteria","Pseudomonadales","Moraxellaceae","Acinetobacter"
"Bacteria","Proteobacteria","Gammaproteobacteria","Betaproteobacteriales","Burkholderiaceae","Polaromonas"
"Bacteria","Proteobacteria","Alphaproteobacteria","Rhodobacterales","Rhodobacteraceae","Rhodobacter"
"Eukaryota",NA,NA,NA,NA,NA
"Bacteria","Proteobacteria","Alphaproteobacteria","Reyranellales","Reyranellaceae","Reyranella"
"Bacteria","Proteobacteria","Alphaproteobacteria","Rhizobiales","Rhizobiaceae","Ensifer"
"Bacteria","Proteobacteria","Gammaproteobacteria","Pseudomonadales","Pseudomonadaceae","Pseudomonas"
"Bacteria","Proteobacteria","Gammaproteobacteria","Alteromonadales","Alteromonadaceae","Rheinheimera"
"Bacteria","Proteobacteria","Alphaproteobacteria","Sphingomonadales","Sphingomonadaceae","Sphingomonas"
"Bacteria","Proteobacteria","Alphaproteobacteria","Rhizobiales","Rhizobiales_Incertae_Sedis","Phreatobacter"
"Bacteria","Proteobacteria","Alphaproteobacteria","Sphingomonadales","Sphingomonadaceae","Sphingomonas"
"Bacteria","Proteobacteria","Deltaproteobacteria","Oligoflexales","0319-6G20",NA
"Bacteria","Firmicutes","Clostridia","Clostridiales","Ruminococcaceae","Ethanoligenens"
"Bacteria","Proteobacteria","Alphaproteobacteria","Rhodobacterales","Rhodobacteraceae","Sulfitobacter"
"Bacteria","Proteobacteria","Gammaproteobacteria","Betaproteobacteriales","Burkholderiaceae","Tepidimonas"
"Bacteria","Actinobacteria","Actinobacteria","Micrococcales","Cellulomonadaceae","Cellulomonas"
"Bacteria","Proteobacteria","Alphaproteobacteria","Sphingomonadales","Sphingomonadaceae","Sphingorhabdus"
"Bacteria","Proteobacteria","Deltaproteobacteria","Oligoflexales","0319-6G20",NA
"Bacteria","Cyanobacteria","Oxyphotobacteria","Chloroplast",NA,NA
"Bacteria","Proteobacteria","Gammaproteobacteria","Betaproteobacteriales","Burkholderiaceae","Pelomonas"
"Bacteria","Firmicutes","Bacilli","Bacillales","Bacillaceae","Geobacillus"
"Bacteria","Bacteroidetes","Bacteroidia","Chitinophagales","Chitinophagaceae","Dinghuibacter"
"Bacteria","Proteobacteria","Gammaproteobacteria","Betaproteobacteriales","Burkholderiaceae","Acidovorax"
"Bacteria","Acidobacteria","Acidobacteriia","Subgroup_2",NA,NA
"Eukaryota",NA,NA,NA,NA,NA
"Bacteria","Proteobacteria","Gammaproteobacteria","Pseudomonadales","Moraxellaceae","Perlucidibaca"
"Eukaryota",NA,NA,NA,NA,NA
"Eukaryota",NA,NA,NA,NA,NA
"Bacteria","Proteobacteria","Gammaproteobacteria","Alteromonadales","Alteromonadaceae","Alteromonas"
"Bacteria","Armatimonadetes","Fimbriimonadia","Fimbriimonadales","Fimbriimonadaceae",NA
"Bacteria","Bacteroidetes","Bacteroidia","Flavobacteriales","Weeksellaceae","Chryseobacterium"
"Bacteria","Bacteroidetes","Bacteroidia","Cytophagales",NA,NA
"Bacteria","Bacteroidetes","Bacteroidia","Bacteroidales","Barnesiellaceae",NA
"Bacteria","Proteobacteria","Gammaproteobacteria","Betaproteobacteriales","Burkholderiaceae","Undibacterium"
"Bacteria","Firmicutes","Clostridia","Clostridiales","Peptostreptococcaceae","Acetoanaerobium"
"Bacteria","Acidobacteria","Subgroup_6",NA,NA,NA
"Bacteria","Proteobacteria","Alphaproteobacteria","Reyranellales","Reyranellaceae","Reyranella"
"Bacteria","Proteobacteria","Alphaproteobacteria","Reyranellales","Reyranellaceae","Reyranella"
"Eukaryota",NA,NA,NA,NA,NA
"Bacteria","Proteobacteria","Gammaproteobacteria","Vibrionales","Vibrionaceae","Aliivibrio"
"Bacteria","Bacteroidetes","Bacteroidia","Sphingobacteriales","Sphingobacteriaceae","Sphingobacterium"
"Bacteria","Planctomycetes","Planctomycetacia","Gemmatales","Gemmataceae",NA
"Bacteria","Proteobacteria","Gammaproteobacteria","Oceanospirillales","Alcanivoracaceae","Alcanivorax"
"Bacteria","Proteobacteria","Deltaproteobacteria","MBNT15",NA,NA
"Eukaryota",NA,NA,NA,NA,NA
"Bacteria","Proteobacteria","Gammaproteobacteria","Betaproteobacteriales","Burkholderiaceae","Undibacterium"
"Bacteria","Cyanobacteria","Oxyphotobacteria","Nostocales","Nostocaceae","Calothrix_PCC-6303"
"Bacteria","Actinobacteria","Actinobacteria","Corynebacteriales","Corynebacteriaceae","Corynebacterium"
"Eukaryota",NA,NA,NA,NA,NA
"Bacteria","Dadabacteria","Dadabacteriia","Dadabacteriales",NA,NA
"Bacteria","Proteobacteria","Alphaproteobacteria","Reyranellales","Reyranellaceae","Reyranella"
"Bacteria","Patescibacteria","Saccharimonadia","Saccharimonadales","Saccharimonadaceae",NA
"Bacteria","Actinobacteria","Actinobacteria","Micrococcales","Brevibacteriaceae","Brevibacterium"
"Bacteria","Planctomycetes","Planctomycetacia","Gemmatales","Gemmataceae","Fimbriiglobus"
"Bacteria","Proteobacteria","Gammaproteobacteria","Cellvibrionales","Cellvibrionaceae","Cellvibrio"
"Bacteria","Proteobacteria","Gammaproteobacteria","Betaproteobacteriales","Burkholderiaceae","Pelomonas"
"Bacteria","Proteobacteria","Alphaproteobacteria","Caulobacterales","Caulobacteraceae","Phenylobacterium"
"Bacteria","Proteobacteria","Gammaproteobacteria","Alteromonadales","Alteromonadaceae","Alteromonas"
"Bacteria","Proteobacteria","Gammaproteobacteria","Betaproteobacteriales","Burkholderiaceae","Rubrivivax"
"Bacteria","Chloroflexi","JG30-KF-CM66",NA,NA,NA
"Bacteria","Proteobacteria","Gammaproteobacteria","Betaproteobacteriales","Burkholderiaceae","Delftia"
"Bacteria","Cyanobacteria","Oxyphotobacteria","Chloroplast",NA,NA
"Bacteria","Proteobacteria","Gammaproteobacteria","Betaproteobacteriales","Burkholderiaceae",NA
"Bacteria","Proteobacteria","Gammaproteobacteria","Pseudomonadales","Pseudomonadaceae","Pseudomonas"
"Bacteria","Proteobacteria","Alphaproteobacteria","Rhizobiales","Xanthobacteraceae",NA
"Bacteria","Proteobacteria","Gammaproteobacteria","Betaproteobacteriales","Burkholderiaceae","Janthinobacterium"
"Eukaryota",NA,NA,NA,NA,NA
"Bacteria","Proteobacteria","Deltaproteobacteria","Oligoflexales","0319-6G20",NA
"Bacteria","Cyanobacteria","Oxyphotobacteria","Nostocales","Chroococcidiopsaceae","Aliterella_CENA595"
"Eukaryota",NA,NA,NA,NA,NA
"Eukaryota",NA,NA,NA,NA,NA
"Bacteria","Actinobacteria","Actinobacteria","Corynebacteriales","Corynebacteriaceae","Corynebacterium_1"
"Bacteria","Fusobacteria","Fusobacteriia","Fusobacteriales","Fusobacteriaceae","Cetobacterium"
"Bacteria","Proteobacteria","Gammaproteobacteria","Enterobacteriales","Enterobacteriaceae",NA
"Bacteria","Acidobacteria","Blastocatellia_(Subgroup_4)","11-24",NA,NA
"Bacteria","Proteobacteria","Gammaproteobacteria","Betaproteobacteriales","Burkholderiaceae","Burkholderia-Caballeronia-Paraburkholderia"
"Bacteria","Bacteroidetes","Bacteroidia","Cytophagales","Spirosomaceae","Dyadobacter"
"Bacteria","Patescibacteria","Saccharimonadia","Saccharimonadales",NA,NA
"Bacteria","Proteobacteria","Deltaproteobacteria","Myxococcales","Polyangiaceae","Pajaroellobacter"
"Bacteria","Bacteroidetes","Bacteroidia","Bacteroidales","Barnesiellaceae",NA
"Bacteria","Fusobacteria","Fusobacteriia","Fusobacteriales","Fusobacteriaceae","Cetobacterium"
"Bacteria","Proteobacteria","Gammaproteobacteria","Enterobacteriales","Enterobacteriaceae","Escherichia/Shigella"
"Bacteria","Cyanobacteria","Oxyphotobacteria","Chloroplast",NA,NA
"Bacteria","Bacteroidetes","Bacteroidia","Sphingobacteriales","env.OPS_17",NA
"Bacteria","Bacteroidetes","Bacteroidia","Flavobacteriales","Flavobacteriaceae","Capnocytophaga"
"Bacteria","Proteobacteria","Deltaproteobacteria","Myxococcales","Haliangiaceae","Haliangium"
"Bacteria","Bacteroidetes","Bacteroidia","Sphingobacteriales","Sphingobacteriaceae","Nubsella"
"Bacteria","Cyanobacteria","Melainabacteria","Obscuribacterales",NA,NA
"Bacteria","Proteobacteria","Alphaproteobacteria","Rhodobacterales","Rhodobacteraceae","Tabrizicola"
"Bacteria","Proteobacteria","Gammaproteobacteria","Betaproteobacteriales","Burkholderiaceae","Delftia"
"Bacteria","Proteobacteria","Gammaproteobacteria","Betaproteobacteriales","Burkholderiaceae","Aquabacterium"
"Bacteria","Tenericutes","Mollicutes","Mycoplasmatales","Mycoplasmataceae","Mycoplasma"
"Bacteria","Proteobacteria","Gammaproteobacteria","Betaproteobacteriales","Burkholderiaceae","Rubrivivax"
"Bacteria","Bacteroidetes","Bacteroidia","Cytophagales","Hymenobacteraceae","Hymenobacter"
"Bacteria","Proteobacteria","Alphaproteobacteria","Rhodobacterales","Rhodobacteraceae","Paracoccus"
"Bacteria","Chlamydiae","Chlamydiae","Chlamydiales","Simkaniaceae",NA
"Eukaryota",NA,NA,NA,NA,NA
"Bacteria","Acidobacteria","Subgroup_6",NA,NA,NA
"Bacteria","Proteobacteria","Gammaproteobacteria","Pseudomonadales","Pseudomonadaceae","Pseudomonas"
"Bacteria","Cyanobacteria","Oxyphotobacteria","Chloroplast",NA,NA
"Bacteria","Firmicutes","Bacilli","Lactobacillales","Leuconostocaceae","Weissella"
"Bacteria","Proteobacteria","Gammaproteobacteria","Oceanospirillales","Halomonadaceae","Halomonas"
"Bacteria","Actinobacteria","Actinobacteria","Corynebacteriales","Mycobacteriaceae","Mycobacterium"
"Bacteria","Actinobacteria","Actinobacteria","Corynebacteriales","Corynebacteriaceae","Lawsonella"
"Bacteria","Actinobacteria","Actinobacteria","Micrococcales","Microbacteriaceae","Leifsonia"
"Bacteria","Proteobacteria","Deltaproteobacteria","Oligoflexales","0319-6G20",NA
"Bacteria","Actinobacteria","Actinobacteria","Frankiales","Nakamurellaceae","Nakamurella"
"Bacteria","Deinococcus-Thermus","Deinococci","Deinococcales","Deinococcaceae","Deinococcus"
"Bacteria","Proteobacteria","Alphaproteobacteria","Rhodobacterales","Rhodobacteraceae","Rhodobacter"
"Bacteria","Cyanobacteria","Melainabacteria","Obscuribacterales",NA,NA
"Bacteria","Firmicutes","Bacilli","Lactobacillales","Streptococcaceae","Streptococcus"
"Bacteria","Proteobacteria","Gammaproteobacteria","Enterobacteriales","Enterobacteriaceae",NA
"Bacteria","Bacteroidetes","Bacteroidia","Sphingobacteriales","NS11-12_marine_group",NA
"Bacteria","Proteobacteria","Alphaproteobacteria","Rhizobiales","Beijerinckiaceae","Bosea"
"Bacteria","Bacteroidetes","Bacteroidia","Cytophagales","Hymenobacteraceae","Hymenobacter"
"Bacteria","Actinobacteria","Actinobacteria","Corynebacteriales","Corynebacteriaceae","Lawsonella"
"Bacteria","Cyanobacteria","Melainabacteria","Obscuribacterales",NA,NA
"Eukaryota",NA,NA,NA,NA,NA
"Bacteria","Proteobacteria","Gammaproteobacteria","Pseudomonadales","Moraxellaceae","Perlucidibaca"
"Bacteria","Firmicutes","Bacilli","Bacillales","Bacillaceae","Bacillus"
"Bacteria","Patescibacteria","Saccharimonadia","Saccharimonadales","Saccharimonadaceae",NA
"Bacteria","Firmicutes","Bacilli","Lactobacillales","Streptococcaceae","Streptococcus"
"Eukaryota",NA,NA,NA,NA,NA
"Bacteria","Proteobacteria","Gammaproteobacteria","Enterobacteriales","Enterobacteriaceae","Plesiomonas"
"Bacteria","Acidobacteria","Subgroup_25",NA,NA,NA
"Bacteria","Bacteroidetes","Bacteroidia","Cytophagales","Spirosomaceae","Flectobacillus"
"Eukaryota",NA,NA,NA,NA,NA
"Bacteria","Proteobacteria","Deltaproteobacteria","Myxococcales","Sandaracinaceae","Sandaracinus"
"Bacteria","Proteobacteria","Gammaproteobacteria","Legionellales","Legionellaceae","Legionella"
"Bacteria","Proteobacteria","Alphaproteobacteria","Rhizobiales","Beijerinckiaceae","Bosea"
"Bacteria","Firmicutes","Clostridia","Thermoanaerobacterales","Family_III","Tepidanaerobacter"
"Bacteria","Bacteroidetes","Bacteroidia","Cytophagales","Spirosomaceae","Spirosoma"
"Bacteria","Proteobacteria","Deltaproteobacteria","Oligoflexales","Oligoflexaceae","Silvanigrella"
"Bacteria","Nitrospirae","Nitrospira","Nitrospirales","Nitrospiraceae","Nitrospira"
"Bacteria","Actinobacteria","Actinobacteria","Micrococcales","Micrococcaceae","Rothia"
"Bacteria","Planctomycetes","OM190",NA,NA,NA
"Bacteria","Proteobacteria","Deltaproteobacteria","Bdellovibrionales","Bdellovibrionaceae","Bdellovibrio"
"Bacteria","Proteobacteria","Gammaproteobacteria","Xanthomonadales","Xanthomonadaceae","Pseudoxanthomonas"
"Eukaryota",NA,NA,NA,NA,NA
"Bacteria","Proteobacteria","Alphaproteobacteria","Sphingomonadales","Sphingomonadaceae","Sphingorhabdus"
"Bacteria","Firmicutes","Clostridia","Clostridiales","Peptostreptococcaceae","Paraclostridium"
"Bacteria","Chlamydiae","Chlamydiae","Chlamydiales",NA,NA
"Bacteria","Deinococcus-Thermus","Deinococci","Deinococcales","Deinococcaceae","Deinococcus"
"Eukaryota",NA,NA,NA,NA,NA
"Bacteria","Proteobacteria","Gammaproteobacteria","Betaproteobacteriales","Burkholderiaceae","Acidovorax"
"Eukaryota",NA,NA,NA,NA,NA
"Bacteria","Cyanobacteria","Oxyphotobacteria","Chloroplast",NA,NA
"Bacteria","Patescibacteria","Saccharimonadia","Saccharimonadales",NA,NA
"Bacteria","Verrucomicrobia","Verrucomicrobiae","Pedosphaerales","Pedosphaeraceae",NA
"Bacteria","Proteobacteria","Gammaproteobacteria","Pseudomonadales","Pseudomonadaceae","Pseudomonas"
"Bacteria","WPS-2",NA,NA,NA,NA
"Eukaryota",NA,NA,NA,NA,NA
"Bacteria","Proteobacteria","Alphaproteobacteria","Sphingomonadales","Sphingomonadaceae","Sphingomonas"
"Bacteria","Actinobacteria","Actinobacteria","Corynebacteriales","Corynebacteriaceae","Corynebacterium_1"
"Bacteria","Actinobacteria","Actinobacteria","Frankiales",NA,NA
"Bacteria","Actinobacteria","Actinobacteria","Micromonosporales","Micromonosporaceae","Verrucosispora"
"Bacteria","Bacteroidetes","Bacteroidia","Cytophagales","Cytophagaceae","Sporocytophaga"
"Bacteria","Bacteroidetes","Bacteroidia","Bacteroidales","Bacteroidaceae","Bacteroides"
"Bacteria","Actinobacteria","Actinobacteria","Micrococcales","Cellulomonadaceae","Cellulomonas"
"Bacteria","Proteobacteria","Alphaproteobacteria","Rhizobiales","Beijerinckiaceae","Methylobacterium"
"Bacteria","Proteobacteria","Gammaproteobacteria","Oceanospirillales","Halomonadaceae","Halomonas"
"Bacteria","Proteobacteria","Gammaproteobacteria","Betaproteobacteriales","Chromobacteriaceae","Crenobacter"
"Bacteria","Proteobacteria","Deltaproteobacteria","Myxococcales","Polyangiaceae","Pajaroellobacter"
"Bacteria","Proteobacteria","Alphaproteobacteria","Rhizobiales","Rhizobiales_Incertae_Sedis","Phreatobacter"
"Bacteria","Verrucomicrobia","Verrucomicrobiae","Verrucomicrobiales","Verrucomicrobiaceae",NA
"Eukaryota",NA,NA,NA,NA,NA
"Bacteria","Proteobacteria","Alphaproteobacteria","Caulobacterales","Caulobacteraceae","Caulobacter"
"Bacteria","Proteobacteria","Alphaproteobacteria","Rhodobacterales","Rhodobacteraceae","Paracoccus"
"Bacteria","Bacteroidetes","Bacteroidia","Bacteroidales","Barnesiellaceae",NA
"Bacteria","Proteobacteria","Alphaproteobacteria","Sphingomonadales","Sphingomonadaceae","Sphingorhabdus"
"Bacteria","Proteobacteria","Gammaproteobacteria","Betaproteobacteriales","Chitinibacteraceae","Chitinibacter"
"Bacteria","Actinobacteria","Thermoleophilia","Solirubrobacterales","67-14",NA
"Bacteria","Bacteroidetes","Bacteroidia","Flavobacteriales","Weeksellaceae","Bergeyella"
"Bacteria","Fusobacteria","Fusobacteriia","Fusobacteriales","Fusobacteriaceae","Cetobacterium"
"Bacteria","Bacteroidetes","Bacteroidia","Bacteroidales","Barnesiellaceae",NA
"Bacteria","Chloroflexi","Chloroflexia","Thermomicrobiales","JG30-KF-CM45",NA
"Bacteria","Actinobacteria","Actinobacteria","Micrococcales","Micrococcaceae",NA
"Bacteria","Dependentiae","Babeliae","Babeliales","Vermiphilaceae",NA
"Bacteria","Bacteroidetes","Bacteroidia","Chitinophagales","Chitinophagaceae","Vibrionimonas"
"Eukaryota",NA,NA,NA,NA,NA
"Eukaryota",NA,NA,NA,NA,NA
"Bacteria","Bacteroidetes","Bacteroidia","Chitinophagales","Chitinophagaceae","Vibrionimonas"
"Bacteria","Actinobacteria","Actinobacteria","Corynebacteriales","Corynebacteriaceae","Corynebacterium_1"
"Eukaryota",NA,NA,NA,NA,NA
"Bacteria","Cyanobacteria","Oxyphotobacteria","Leptolyngbyales","Leptolyngbyaceae","HAVOmat113"
"Bacteria","Proteobacteria","Gammaproteobacteria","Pseudomonadales","Pseudomonadaceae","Pseudomonas"
"Eukaryota",NA,NA,NA,NA,NA
"Bacteria","Proteobacteria","Gammaproteobacteria","Cellvibrionales","Cellvibrionaceae","Cellvibrio"
"Bacteria","Proteobacteria","Deltaproteobacteria","Oligoflexales","0319-6G20",NA
"Bacteria","Proteobacteria","Gammaproteobacteria","Betaproteobacteriales","Burkholderiaceae","Burkholderia-Caballeronia-Paraburkholderia"
"Bacteria","Tenericutes","Mollicutes","Mycoplasmatales","Mycoplasmataceae","Mycoplasma"
"Bacteria","Actinobacteria","Actinobacteria","Corynebacteriales","Corynebacteriaceae","Corynebacterium_1"
"Eukaryota",NA,NA,NA,NA,NA
"Bacteria","Tenericutes","Mollicutes","Mycoplasmatales","Mycoplasmataceae","Mycoplasma"
"Bacteria","Proteobacteria","Deltaproteobacteria","Oligoflexales",NA,NA
"Bacteria","Bacteroidetes","Bacteroidia","Cytophagales","Cyclobacteriaceae","Algoriphagus"
"Bacteria","Proteobacteria","Alphaproteobacteria","Sphingomonadales","Sphingomonadaceae","Blastomonas"
"Bacteria","Acidobacteria","Blastocatellia_(Subgroup_4)","11-24",NA,NA
"Bacteria","Proteobacteria","Gammaproteobacteria","Vibrionales","Vibrionaceae","Vibrio"
"Bacteria","Chlamydiae","Chlamydiae","Chlamydiales","Simkaniaceae",NA
"Bacteria","Bacteroidetes","Bacteroidia","Cytophagales","Microscillaceae",NA
"Bacteria","Proteobacteria","Deltaproteobacteria","Myxococcales","Phaselicystidaceae","Phaselicystis"
"Bacteria","Actinobacteria","Actinobacteria","Corynebacteriales","Corynebacteriaceae","Corynebacterium_1"
"Eukaryota",NA,NA,NA,NA,NA
"Bacteria","Proteobacteria","Alphaproteobacteria","Rickettsiales","Rickettsiaceae","Rickettsia"
"Bacteria","Verrucomicrobia","Verrucomicrobiae","Opitutales","Opitutaceae","Diplosphaera"
"Bacteria","Bacteroidetes","Bacteroidia","Flavobacteriales","Weeksellaceae","Cloacibacterium"
"Bacteria","Epsilonbacteraeota","Campylobacteria","Campylobacterales","Arcobacteraceae","Arcobacter"
"Bacteria","Actinobacteria","Actinobacteria","Frankiales",NA,NA
"Bacteria","Cyanobacteria","Oxyphotobacteria","Chloroplast",NA,NA
"Bacteria","Bacteroidetes","Ignavibacteria","OPB56",NA,NA
"Bacteria","Cyanobacteria","Melainabacteria","Obscuribacterales",NA,NA
"Bacteria","Planctomycetes","Planctomycetacia","Pirellulales","Pirellulaceae","Pir4_lineage"
"Bacteria","Proteobacteria","Alphaproteobacteria","Rhizobiales","Xanthobacteraceae","Rhodopseudomonas"
"Bacteria","Proteobacteria","Alphaproteobacteria","Rhodobacterales","Rhodobacteraceae","Tabrizicola"
"Bacteria","Actinobacteria","Actinobacteria","Micrococcales","Microbacteriaceae","Leifsonia"
"Bacteria","Patescibacteria","Saccharimonadia","Saccharimonadales",NA,NA
"Eukaryota",NA,NA,NA,NA,NA
"Bacteria","Bacteroidetes","Bacteroidia","Bacteroidales","Barnesiellaceae",NA
"Bacteria","Actinobacteria","Actinobacteria","Propionibacteriales","Nocardioidaceae","Aeromicrobium"
"Bacteria","Deinococcus-Thermus","Deinococci","Deinococcales","Trueperaceae","Truepera"
"Bacteria","Planctomycetes","Phycisphaerae","Phycisphaerales","Phycisphaeraceae","SM1A02"
"Bacteria","Firmicutes","Erysipelotrichia","Erysipelotrichales","Erysipelotrichaceae","Erysipelotrichaceae_UCG-004"
"Bacteria","Proteobacteria","Gammaproteobacteria","Pseudomonadales","Pseudomonadaceae","Pseudomonas"
"Eukaryota",NA,NA,NA,NA,NA
"Bacteria","Actinobacteria","Actinobacteria","Corynebacteriales","Corynebacteriaceae","Corynebacterium_1"
"Bacteria","Bacteroidetes","Bacteroidia","Cytophagales","Spirosomaceae","Spirosoma"
"Bacteria","Firmicutes","Bacilli","Bacillales","Staphylococcaceae","Staphylococcus"
"Eukaryota",NA,NA,NA,NA,NA
"Bacteria","Proteobacteria","Gammaproteobacteria","Salinisphaerales","Solimonadaceae",NA
NA,NA,NA,NA,NA,NA
NA,NA,NA,NA,NA,NA
"Bacteria","Proteobacteria","Alphaproteobacteria","Rhizobiales","Xanthobacteraceae","Rhodopseudomonas"
"Eukaryota",NA,NA,NA,NA,NA
"Bacteria","Elusimicrobia","Elusimicrobia","Lineage_IV",NA,NA
"Bacteria","Proteobacteria","Alphaproteobacteria","Rickettsiales",NA,NA
"Bacteria","Actinobacteria","Actinobacteria","Corynebacteriales","Corynebacteriaceae","Corynebacterium_1"
"Bacteria","Bacteroidetes","Bacteroidia","Cytophagales","Spirosomaceae","Spirosoma"
"Bacteria","Acidobacteria","Subgroup_6",NA,NA,NA
"Bacteria","Proteobacteria","Gammaproteobacteria","Pseudomonadales","Pseudomonadaceae","Pseudomonas"
"Bacteria","Cyanobacteria","Oxyphotobacteria","Chloroplast",NA,NA
"Bacteria","Firmicutes","Bacilli","Bacillales","Bacillaceae","Bacillus"
"Bacteria","Acidobacteria","Acidobacteriia","Solibacterales","Solibacteraceae_(Subgroup_3)",NA
"Bacteria","Gemmatimonadetes","Gemmatimonadetes","Gemmatimonadales","Gemmatimonadaceae","Gemmatimonas"
"Bacteria","Actinobacteria","Actinobacteria","Actinomycetales","Actinomycetaceae","Actinomyces"
"Bacteria","Actinobacteria","Actinobacteria","Corynebacteriales","Corynebacteriaceae","Corynebacterium_1"
"Bacteria","Actinobacteria","Coriobacteriia","Coriobacteriales","Atopobiaceae",NA
"Bacteria","Cyanobacteria","Melainabacteria","Obscuribacterales",NA,NA
"Bacteria","Proteobacteria","Gammaproteobacteria","Betaproteobacteriales","Burkholderiaceae","Limnobacter"
"Bacteria","Proteobacteria","Gammaproteobacteria","Betaproteobacteriales","Burkholderiaceae","Cupriavidus"
"Bacteria","Planctomycetes","OM190",NA,NA,NA
"Eukaryota",NA,NA,NA,NA,NA
"Bacteria","Omnitrophicaeota","Omnitrophia","Omnitrophales","Omnitrophaceae","Candidatus_Omnitrophus"
"Eukaryota",NA,NA,NA,NA,NA
"Bacteria","Proteobacteria","Gammaproteobacteria","Enterobacteriales","Enterobacteriaceae","Escherichia/Shigella"
"Bacteria","Actinobacteria","Actinobacteria","Corynebacteriales","Corynebacteriaceae","Lawsonella"
"Bacteria","Actinobacteria","Actinobacteria","Micrococcales","Micrococcaceae","Micrococcus"
"Bacteria","Planctomycetes","Planctomycetacia","Isosphaerales","Isosphaeraceae","Isosphaera"
NA,NA,NA,NA,NA,NA
"Bacteria","Bacteroidetes","Bacteroidia","Cytophagales","Spirosomaceae","Spirosoma"
"Bacteria","Bacteroidetes","Bacteroidia","Cytophagales","Microscillaceae","OLB12"
"Bacteria","Proteobacteria","Gammaproteobacteria","Betaproteobacteriales","Burkholderiaceae","Cupriavidus"
"Bacteria","Bacteroidetes","Bacteroidia","Sphingobacteriales","env.OPS_17",NA
"Bacteria","Firmicutes","Clostridia","Clostridiales","Ruminococcaceae","Faecalibacterium"
"Bacteria","Proteobacteria","Gammaproteobacteria","Aeromonadales","Aeromonadaceae","Aeromonas"
"Bacteria","Proteobacteria","Gammaproteobacteria","Vibrionales","Vibrionaceae","Vibrio"
"Bacteria","Cyanobacteria","Melainabacteria","Obscuribacterales",NA,NA
"Bacteria","Proteobacteria","Alphaproteobacteria","Paracaedibacterales","Paracaedibacteraceae",NA
"Bacteria","Proteobacteria","Alphaproteobacteria","Rhizobiales","Beijerinckiaceae","Bosea"
"Bacteria","Proteobacteria","Alphaproteobacteria","Rickettsiales","Mitochondria",NA
"Bacteria","Proteobacteria","Alphaproteobacteria","Sphingomonadales","Sphingomonadaceae","Rhizorhapis"
"Bacteria","Firmicutes","Bacilli","Bacillales","Family_XII","Exiguobacterium"
"Bacteria","Dependentiae","Babeliae","Babeliales","Babeliaceae",NA
"Bacteria","Cyanobacteria","Oxyphotobacteria","Oxyphotobacteria_Incertae_Sedis","Unknown_Family","Phormidium_SAG_37.90"
"Eukaryota",NA,NA,NA,NA,NA
"Bacteria","Verrucomicrobia","Verrucomicrobiae","Verrucomicrobiales","Verrucomicrobiaceae","Prosthecobacter"
"Bacteria","Nitrospirae","Nitrospira","Nitrospirales","Nitrospiraceae","Nitrospira"
"Eukaryota",NA,NA,NA,NA,NA
"Bacteria","Proteobacteria","Gammaproteobacteria","Legionellales","Legionellaceae","Legionella"
"Eukaryota",NA,NA,NA,NA,NA
"Bacteria","Proteobacteria","Deltaproteobacteria","Bdellovibrionales","Bdellovibrionaceae","Bdellovibrio"
"Bacteria","Actinobacteria","Coriobacteriia","Coriobacteriales","Coriobacteriales_Incertae_Sedis",NA
NA,NA,NA,NA,NA,NA
"Bacteria","Proteobacteria","Gammaproteobacteria","Vibrionales","Vibrionaceae","Aliivibrio"
"Bacteria","Chlamydiae","Chlamydiae","Chlamydiales","Parachlamydiaceae","Neochlamydia"
"Bacteria","Planctomycetes","Planctomycetacia","Gemmatales","Gemmataceae","Fimbriiglobus"
"Bacteria","Bacteroidetes","Bacteroidia","Bacteroidales","Barnesiellaceae",NA
"Bacteria","Actinobacteria","Actinobacteria","Micrococcales","Cellulomonadaceae","Cellulomonas"
"Bacteria","Proteobacteria","Deltaproteobacteria","Bdellovibrionales","Bacteriovoracaceae","Peredibacter"
"Eukaryota",NA,NA,NA,NA,NA
"Eukaryota",NA,NA,NA,NA,NA
"Bacteria","Firmicutes","Bacilli","Lactobacillales","Leuconostocaceae","Oenococcus"
"Eukaryota",NA,NA,NA,NA,NA
"Eukaryota",NA,NA,NA,NA,NA
"Bacteria",NA,NA,NA,NA,NA
"Bacteria","Bacteroidetes","Bacteroidia","Chitinophagales","Chitinophagaceae","Asinibacterium"
"Eukaryota",NA,NA,NA,NA,NA
"Bacteria","Proteobacteria","Gammaproteobacteria","Pseudomonadales","Moraxellaceae","Acinetobacter"
"Eukaryota",NA,NA,NA,NA,NA
"Bacteria","Verrucomicrobia","Verrucomicrobiae","Verrucomicrobiales","Verrucomicrobiaceae",NA
"Eukaryota",NA,NA,NA,NA,NA
"Bacteria","Actinobacteria","Actinobacteria","Micrococcales","Cellulomonadaceae","Cellulomonas"
"Eukaryota",NA,NA,NA,NA,NA
"Eukaryota",NA,NA,NA,NA,NA
"Eukaryota",NA,NA,NA,NA,NA
"Bacteria","Omnitrophicaeota",NA,NA,NA,NA
"Bacteria","Proteobacteria","Gammaproteobacteria","Aeromonadales","Aeromonadaceae","Aeromonas"
"Bacteria","Proteobacteria","Gammaproteobacteria","Betaproteobacteriales","Burkholderiaceae","Ideonella"
"Bacteria","Proteobacteria","Gammaproteobacteria","Betaproteobacteriales","Burkholderiaceae","Ralstonia"
"Bacteria","Cyanobacteria","Oxyphotobacteria","Nostocales","Nostocaceae","Desmonostoc_PCC-7422"
"Bacteria","Proteobacteria","Deltaproteobacteria","Bdellovibrionales","Bacteriovoracaceae","Peredibacter"
"Bacteria","Fusobacteria","Fusobacteriia","Fusobacteriales","Fusobacteriaceae","Cetobacterium"
"Eukaryota",NA,NA,NA,NA,NA
"Bacteria","Proteobacteria","Gammaproteobacteria","Vibrionales","Vibrionaceae","Aliivibrio"
"Bacteria","Bacteroidetes","Bacteroidia","Chitinophagales","Chitinophagaceae","Flavisolibacter"
"Bacteria","Firmicutes","Bacilli","Bacillales","Bacillaceae","Paraliobacillus"
"Bacteria","Bacteroidetes","Bacteroidia","Cytophagales","Microscillaceae",NA
"Bacteria","Bacteroidetes","Ignavibacteria","OPB56",NA,NA
"Bacteria","Bacteroidetes","Bacteroidia","Flavobacteriales","Crocinitomicaceae",NA
"Eukaryota",NA,NA,NA,NA,NA
"Bacteria","Proteobacteria","Gammaproteobacteria","Betaproteobacteriales","Burkholderiaceae",NA
"Bacteria","Bacteroidetes","Bacteroidia","Chitinophagales","Chitinophagaceae","Asinibacterium"
"Bacteria","Proteobacteria","Alphaproteobacteria","Rhizobiales","Rhizobiaceae","Mesorhizobium"
"Bacteria","Proteobacteria","Gammaproteobacteria","Betaproteobacteriales","Burkholderiaceae","Acidovorax"
"Bacteria","Bacteroidetes","Bacteroidia","Chitinophagales","Saprospiraceae",NA
"Bacteria","Fusobacteria","Fusobacteriia","Fusobacteriales","Fusobacteriaceae","Cetobacterium"
"Bacteria","Proteobacteria","Gammaproteobacteria","Enterobacteriales","Enterobacteriaceae","Plesiomonas"
"Bacteria","Actinobacteria","Actinobacteria","Micrococcales","Microbacteriaceae","Leifsonia"
"Eukaryota",NA,NA,NA,NA,NA
"Bacteria","Bacteroidetes","Bacteroidia","Flavobacteriales","Flavobacteriaceae","Ulvibacter"
"Bacteria","Cyanobacteria","Oxyphotobacteria","Chloroplast",NA,NA
"Bacteria","Proteobacteria","Gammaproteobacteria","Betaproteobacteriales","Burkholderiaceae","Acidovorax"
"Bacteria","Gemmatimonadetes","Gemmatimonadetes","Gemmatimonadales","Gemmatimonadaceae",NA
"Bacteria","Bacteroidetes","Bacteroidia","Bacteroidales","Prevotellaceae","Prevotella_7"
"Bacteria","Cyanobacteria","Oxyphotobacteria","Chloroplast",NA,NA
"Bacteria","Bacteroidetes","Bacteroidia","Flavobacteriales","Flavobacteriaceae","Flavobacterium"
"Bacteria","Acidobacteria","Subgroup_6",NA,NA,NA
"Bacteria",NA,NA,NA,NA,NA
"Bacteria","Proteobacteria","Gammaproteobacteria","Betaproteobacteriales","Chitinibacteraceae",NA
"Bacteria","Proteobacteria","Alphaproteobacteria","Rhizobiales","Rhizobiaceae","Mesorhizobium"
"Bacteria","Bacteroidetes","Ignavibacteria","OPB56",NA,NA
"Bacteria","Fusobacteria","Fusobacteriia","Fusobacteriales","Fusobacteriaceae",NA
"Eukaryota",NA,NA,NA,NA,NA
"Bacteria","Proteobacteria","Alphaproteobacteria","Rhodobacterales","Rhodobacteraceae","Gemmobacter"
"Bacteria","Planctomycetes","Planctomycetacia","Pirellulales","Pirellulaceae","Pirellula"
"Bacteria","Bacteroidetes","Bacteroidia","Bacteroidales","Barnesiellaceae",NA
"Bacteria","Proteobacteria","Gammaproteobacteria","Pseudomonadales","Moraxellaceae","Acinetobacter"
"Bacteria","Proteobacteria","Alphaproteobacteria","Rickettsiales","Mitochondria",NA
"Bacteria","Proteobacteria","Deltaproteobacteria","NB1-j",NA,NA
"Bacteria","Proteobacteria","Gammaproteobacteria",NA,NA,NA
"Eukaryota",NA,NA,NA,NA,NA
"Bacteria","Cyanobacteria","Oxyphotobacteria","Chloroplast",NA,NA
"Bacteria","Bacteroidetes","Bacteroidia","Cytophagales","Spirosomaceae","Spirosoma"
"Bacteria","Proteobacteria","Deltaproteobacteria","Myxococcales","bacteriap25",NA
"Bacteria","Proteobacteria","Alphaproteobacteria","Elsterales","Elsteraceae","Elstera"
"Bacteria","Tenericutes","Mollicutes","Mycoplasmatales","Mycoplasmataceae","Mycoplasma"
"Bacteria","Acidobacteria","Subgroup_6",NA,NA,NA
"Bacteria","Cyanobacteria","Oxyphotobacteria","Nostocales","Chroococcidiopsaceae","Aliterella_CENA595"
"Bacteria","Cyanobacteria","Oxyphotobacteria","Nostocales","Chroococcidiopsaceae","Aliterella_CENA595"
"Bacteria","Chloroflexi","Chloroflexia","Thermomicrobiales","JG30-KF-CM45",NA
"Bacteria","Planctomycetes","Planctomycetacia","Gemmatales","Gemmataceae",NA
"Bacteria","Proteobacteria","Gammaproteobacteria","Vibrionales","Vibrionaceae","Aliivibrio"
"Bacteria","Proteobacteria","Gammaproteobacteria","Betaproteobacteriales","Neisseriaceae",NA
"Bacteria","Bacteroidetes","Bacteroidia","Flavobacteriales","Flavobacteriaceae","Joostella"
"Bacteria","Gemmatimonadetes","Gemmatimonadetes","Gemmatimonadales","Gemmatimonadaceae","Gemmatimonas"
"Eukaryota",NA,NA,NA,NA,NA
"Eukaryota",NA,NA,NA,NA,NA
"Eukaryota",NA,NA,NA,NA,NA
"Eukaryota",NA,NA,NA,NA,NA
"Bacteria","Bacteroidetes","Bacteroidia","Cytophagales","Microscillaceae",NA
"Eukaryota",NA,NA,NA,NA,NA
"Eukaryota",NA,NA,NA,NA,NA
"Bacteria","Proteobacteria","Gammaproteobacteria","Legionellales","Legionellaceae","Legionella"
"Bacteria","Cyanobacteria","Melainabacteria","Obscuribacterales",NA,NA
"Bacteria","Proteobacteria","Gammaproteobacteria","Betaproteobacteriales","Burkholderiaceae","Ideonella"
"Bacteria","Verrucomicrobia","Verrucomicrobiae",NA,NA,NA
"Bacteria","Cyanobacteria","Oxyphotobacteria","Leptolyngbyales","Leptolyngbyaceae","LB3-76"
"Bacteria","Actinobacteria","Actinobacteria","Kineosporiales","Kineosporiaceae","Kineosporia"
"Bacteria","Proteobacteria","Gammaproteobacteria","Pseudomonadales","Pseudomonadaceae","Pseudomonas"
"Bacteria","Proteobacteria","Deltaproteobacteria","Bdellovibrionales","Bdellovibrionaceae","Bdellovibrio"
"Bacteria","Proteobacteria","Gammaproteobacteria","Vibrionales","Vibrionaceae","Vibrio"
"Eukaryota",NA,NA,NA,NA,NA
"Eukaryota",NA,NA,NA,NA,NA
"Bacteria","Proteobacteria","Alphaproteobacteria","Sphingomonadales","Sphingomonadaceae","Blastomonas"
"Bacteria","Proteobacteria","Deltaproteobacteria","Myxococcales","Polyangiaceae","Pajaroellobacter"
NA,NA,NA,NA,NA,NA
"Bacteria","Actinobacteria","Actinobacteria","Micrococcales","Cellulomonadaceae","Cellulomonas"
NA,NA,NA,NA,NA,NA
"Bacteria","Dependentiae","Babeliae","Babeliales",NA,NA
"Bacteria","Proteobacteria","Alphaproteobacteria","Caedibacterales","Caedibacteraceae","Caedibacter"
"Bacteria","Bacteroidetes","Bacteroidia","Cytophagales","Microscillaceae",NA
"Bacteria","Proteobacteria","Gammaproteobacteria","Aeromonadales","Aeromonadaceae","Aeromonas"
"Bacteria","Proteobacteria","Gammaproteobacteria","Pseudomonadales","Pseudomonadaceae","Pseudomonas"
"Eukaryota",NA,NA,NA,NA,NA
"Bacteria","Proteobacteria","Gammaproteobacteria","Salinisphaerales","Solimonadaceae",NA
"Bacteria","Proteobacteria","Gammaproteobacteria","Betaproteobacteriales","Burkholderiaceae",NA
"Bacteria","Proteobacteria","Gammaproteobacteria",NA,NA,NA
"Bacteria","Verrucomicrobia","Verrucomicrobiae",NA,NA,NA
"Bacteria","Bacteroidetes","Bacteroidia","Flavobacteriales","Flavobacteriaceae","Myroides"
"Eukaryota",NA,NA,NA,NA,NA
"Eukaryota",NA,NA,NA,NA,NA
NA,NA,NA,NA,NA,NA
"Bacteria","Proteobacteria","Gammaproteobacteria","Pseudomonadales","Pseudomonadaceae","Pseudomonas"
"Bacteria","Proteobacteria","Deltaproteobacteria","Bdellovibrionales","Bacteriovoracaceae","Peredibacter"
"Bacteria","Proteobacteria","Gammaproteobacteria","Alteromonadales","Shewanellaceae","Shewanella"
"Bacteria","Bacteroidetes","Bacteroidia","Sphingobacteriales","AKYH767",NA
"Bacteria","Firmicutes","Bacilli","Bacillales","Family_XII","Exiguobacterium"
"Bacteria","Proteobacteria","Alphaproteobacteria","Paracaedibacterales","Paracaedibacteraceae","Candidatus_Captivus"
"Bacteria","Actinobacteria","Actinobacteria","Corynebacteriales","Corynebacteriaceae","Corynebacterium_1"
"Bacteria","Firmicutes","Bacilli","Bacillales","Family_XII","Exiguobacterium"
"Bacteria","Bacteroidetes","Bacteroidia","Chitinophagales","Chitinophagaceae","Dinghuibacter"
"Bacteria","Firmicutes","Bacilli","Bacillales","Staphylococcaceae","Staphylococcus"
"Bacteria","Proteobacteria","Alphaproteobacteria","Rhizobiales","Xanthobacteraceae","Bradyrhizobium"
"Bacteria","Proteobacteria","Gammaproteobacteria","Betaproteobacteriales","Rhodocyclaceae","Azospira"
"Eukaryota",NA,NA,NA,NA,NA
"Bacteria","Bacteroidetes","Bacteroidia","Bacteroidales","Barnesiellaceae",NA
"Bacteria","Proteobacteria","Gammaproteobacteria","Betaproteobacteriales","Rhodocyclaceae","Azospira"
"Bacteria","Proteobacteria","Gammaproteobacteria","Vibrionales","Vibrionaceae","Vibrio"
"Bacteria","Proteobacteria","Gammaproteobacteria","Pseudomonadales","Moraxellaceae","Acinetobacter"
"Eukaryota",NA,NA,NA,NA,NA
"Bacteria","Cyanobacteria","Melainabacteria","Obscuribacterales",NA,NA
"Eukaryota",NA,NA,NA,NA,NA
"Bacteria","Bacteroidetes","Bacteroidia",NA,NA,NA
"Bacteria","Proteobacteria","Gammaproteobacteria",NA,NA,NA
"Bacteria","Proteobacteria","Alphaproteobacteria","Rhodobacterales","Rhodobacteraceae","Rhodobacter"
"Bacteria","Proteobacteria","Alphaproteobacteria","Rhizobiales","Rhizobiaceae","Allorhizobium-Neorhizobium-Pararhizobium-Rhizobium"
"Bacteria","Planctomycetes","Phycisphaerae","Tepidisphaerales","WD2101_soil_group",NA
"Bacteria","Gemmatimonadetes","Gemmatimonadetes","Gemmatimonadales","Gemmatimonadaceae",NA
"Eukaryota",NA,NA,NA,NA,NA
"Bacteria","Tenericutes","Mollicutes","Mycoplasmatales","Mycoplasmataceae","Mycoplasma"
"Bacteria","Bacteroidetes","Bacteroidia","Chitinophagales","Chitinophagaceae","Lacibacter"
"Bacteria","Proteobacteria","Gammaproteobacteria","Pseudomonadales","Moraxellaceae","Acinetobacter"
"Bacteria","Bacteroidetes","Bacteroidia","Cytophagales","Spirosomaceae","Runella"
"Bacteria","Proteobacteria","Gammaproteobacteria",NA,NA,NA
"Bacteria","Proteobacteria","Alphaproteobacteria","Sphingomonadales","Sphingomonadaceae","Sphingomonas"
"Bacteria","Bacteroidetes","Bacteroidia","Bacteroidales","Marinifilaceae","Marinifilum"
"Bacteria","Proteobacteria","Gammaproteobacteria","Betaproteobacteriales","Burkholderiaceae","Ralstonia"
"Bacteria","Verrucomicrobia","Verrucomicrobiae","Verrucomicrobiales","Verrucomicrobiaceae","Prosthecobacter"
"Bacteria","Bacteroidetes","Bacteroidia",NA,NA,NA
"Bacteria","Proteobacteria","Alphaproteobacteria","Rhizobiales","Rhizobiaceae","Allorhizobium-Neorhizobium-Pararhizobium-Rhizobium"
"Bacteria","Proteobacteria","Alphaproteobacteria","Rhodobacterales","Rhodobacteraceae","Gemmobacter"
"Bacteria","Dadabacteria","Dadabacteriia","Dadabacteriales",NA,NA
"Bacteria","Proteobacteria","Alphaproteobacteria","Rhizobiales","Rhizobiaceae","Ahrensia"
"Bacteria","Actinobacteria","Actinobacteria","Corynebacteriales","Corynebacteriaceae","Corynebacterium_1"
"Eukaryota",NA,NA,NA,NA,NA
"Bacteria","Deinococcus-Thermus","Deinococci","Thermales","Thermaceae","Thermus"
"Bacteria","Proteobacteria","Alphaproteobacteria","Sphingomonadales","Sphingomonadaceae","Sphingopyxis"
"Bacteria","Verrucomicrobia","Verrucomicrobiae",NA,NA,NA
"Bacteria","Proteobacteria","Gammaproteobacteria","Vibrionales","Vibrionaceae","Vibrio"
"Bacteria","Bacteroidetes","Bacteroidia","Chitinophagales","Saprospiraceae",NA
"Bacteria","Bacteroidetes","Bacteroidia","Flavobacteriales","Blattabacteriaceae","Blattabacterium"
"Bacteria","Proteobacteria","Alphaproteobacteria","Caedibacterales","Caedibacteraceae","Caedibacter"
"Bacteria","Patescibacteria","Saccharimonadia","Saccharimonadales",NA,NA
"Bacteria","Bacteroidetes","Bacteroidia","Cytophagales","Microscillaceae","OLB12"
"Bacteria","Fusobacteria","Fusobacteriia","Fusobacteriales","Fusobacteriaceae",NA
"Bacteria","Proteobacteria","Gammaproteobacteria","Betaproteobacteriales","Burkholderiaceae","Pelomonas"
"Bacteria","Proteobacteria","Alphaproteobacteria","Sphingomonadales","Sphingomonadaceae","Sphingomonas"
"Eukaryota",NA,NA,NA,NA,NA
"Eukaryota",NA,NA,NA,NA,NA
"Eukaryota",NA,NA,NA,NA,NA
"Bacteria","Proteobacteria","Alphaproteobacteria","Rhizobiales","Rhizobiaceae","Ahrensia"
"Bacteria","Planctomycetes","Planctomycetacia","Gemmatales","Gemmataceae","Fimbriiglobus"
"Bacteria","Bacteroidetes","Bacteroidia","Bacteroidales","Barnesiellaceae",NA
"Bacteria","Proteobacteria","Gammaproteobacteria","Pseudomonadales","Pseudomonadaceae",NA
"Eukaryota",NA,NA,NA,NA,NA
"Bacteria","Proteobacteria","Gammaproteobacteria","Vibrionales","Vibrionaceae","Photobacterium"
"Bacteria","Bacteroidetes","Bacteroidia","Chitinophagales","Chitinophagaceae","Flavihumibacter"
"Eukaryota",NA,NA,NA,NA,NA
"Bacteria","Bacteroidetes","Bacteroidia","Bacteroidales","Barnesiellaceae",NA
"Bacteria","Chlamydiae","Chlamydiae","Chlamydiales","Simkaniaceae",NA
"Bacteria","Proteobacteria","Gammaproteobacteria","Betaproteobacteriales","Burkholderiaceae",NA
"Bacteria","Proteobacteria","Gammaproteobacteria","Betaproteobacteriales","Burkholderiaceae","Kinneretia"
"Eukaryota",NA,NA,NA,NA,NA
"Bacteria","Proteobacteria","Deltaproteobacteria","Oligoflexales","0319-6G20",NA
"Bacteria",NA,NA,NA,NA,NA
"Bacteria","Proteobacteria","Deltaproteobacteria","Bdellovibrionales","Bdellovibrionaceae","Bdellovibrio"
"Bacteria","Bacteroidetes","Bacteroidia","Chitinophagales","Saprospiraceae",NA
"Bacteria","Proteobacteria","Alphaproteobacteria","Rhizobiales",NA,NA
"Bacteria","Proteobacteria","Alphaproteobacteria","Rhizobiales","Xanthobacteraceae","Afipia"
"Bacteria","Proteobacteria","Alphaproteobacteria","Sphingomonadales","Sphingomonadaceae","Novosphingobium"
"Bacteria","Proteobacteria","Gammaproteobacteria","Aeromonadales","Aeromonadaceae","Aeromonas"
"Bacteria","Proteobacteria","Gammaproteobacteria","Pseudomonadales","Moraxellaceae","Fluviicoccus"
"Bacteria","Bacteroidetes","Bacteroidia","Cytophagales","Spirosomaceae","Arsenicibacter"
"Bacteria","Bacteroidetes","Bacteroidia","Cytophagales","Spirosomaceae","Emticicia"
"Bacteria","Bacteroidetes","Bacteroidia","Cytophagales","Spirosomaceae","Runella"
NA,NA,NA,NA,NA,NA
"Bacteria","Patescibacteria","Gracilibacteria","Absconditabacteriales_(SR1)",NA,NA
"Bacteria","Actinobacteria","Actinobacteria","Corynebacteriales","Nocardiaceae","Nocardia"
"Bacteria","Proteobacteria","Gammaproteobacteria","Pseudomonadales","Pseudomonadaceae","Pseudomonas"
"Bacteria","Proteobacteria","Deltaproteobacteria","Oligoflexales","0319-6G20",NA
"Eukaryota",NA,NA,NA,NA,NA
"Bacteria","Bacteroidetes","Bacteroidia","Cytophagales","Spirosomaceae","Runella"
"Bacteria","Actinobacteria","Actinobacteria","Corynebacteriales","Corynebacteriaceae","Corynebacterium_1"
"Bacteria","Bacteroidetes","Bacteroidia","Flavobacteriales","Crocinitomicaceae","Fluviicola"
"Bacteria","Proteobacteria","Gammaproteobacteria","Vibrionales","Vibrionaceae","Vibrio"
"Bacteria","Actinobacteria","Actinobacteria","Corynebacteriales","Corynebacteriaceae","Corynebacterium_1"
"Bacteria","Bacteroidetes","Bacteroidia","Cytophagales","Spirosomaceae","Arsenicibacter"
"Eukaryota",NA,NA,NA,NA,NA
"Bacteria","Bacteroidetes","Bacteroidia","Flavobacteriales","Crocinitomicaceae",NA
"Bacteria","Actinobacteria","Actinobacteria","Pseudonocardiales","Pseudonocardiaceae","Pseudonocardia"
"Bacteria","Proteobacteria","Gammaproteobacteria","Betaproteobacteriales","Burkholderiaceae","Burkholderia-Caballeronia-Paraburkholderia"
"Bacteria","Proteobacteria","Alphaproteobacteria","Rhizobiales","Pleomorphomonadaceae","Hartmannibacter"
"Bacteria","Proteobacteria","Gammaproteobacteria","Betaproteobacteriales","Burkholderiaceae","Kinneretia"
"Bacteria","Proteobacteria","Gammaproteobacteria","Pseudomonadales","Moraxellaceae","Fluviicoccus"
"Bacteria","Actinobacteria","Actinobacteria","Micrococcales","Micrococcaceae","Micrococcus"
"Bacteria","Cyanobacteria","Oxyphotobacteria","Chloroplast",NA,NA
"Bacteria","Bacteroidetes","Bacteroidia","Chitinophagales","Saprospiraceae",NA
"Bacteria","Actinobacteria","Actinobacteria","Micrococcales","Micrococcaceae","Kocuria"
"Bacteria","Firmicutes","Bacilli","Lactobacillales","Leuconostocaceae","Oenococcus"
"Bacteria","Proteobacteria","Gammaproteobacteria","Enterobacteriales","Enterobacteriaceae","Tatumella"
"Eukaryota",NA,NA,NA,NA,NA
"Bacteria","Fusobacteria","Fusobacteriia","Fusobacteriales","Fusobacteriaceae",NA
"Bacteria","Proteobacteria","Gammaproteobacteria","Alteromonadales","Alteromonadaceae","Alteromonas"
"Bacteria","Bacteroidetes","Bacteroidia","Bacteroidales","Barnesiellaceae",NA
"Bacteria","Proteobacteria","Deltaproteobacteria","Bdellovibrionales","Bdellovibrionaceae","Bdellovibrio"
"Bacteria","Actinobacteria","Actinobacteria","Corynebacteriales","Corynebacteriaceae","Corynebacterium_1"
"Bacteria","Fusobacteria","Fusobacteriia","Fusobacteriales","Fusobacteriaceae","Fusobacterium"
"Bacteria","Proteobacteria","Gammaproteobacteria","Betaproteobacteriales","Chromobacteriaceae","Crenobacter"
"Bacteria","Actinobacteria","Actinobacteria","Corynebacteriales","Corynebacteriaceae","Corynebacterium_1"
"Bacteria","Proteobacteria","Gammaproteobacteria","Betaproteobacteriales","Burkholderiaceae","Pandoraea"
"Bacteria","Firmicutes","Bacilli","Lactobacillales","Enterococcaceae","Enterococcus"
"Bacteria","Firmicutes","Bacilli","Lactobacillales","Enterococcaceae","Enterococcus"
"Bacteria","Bacteroidetes","Bacteroidia","Chitinophagales","Saprospiraceae",NA
"Bacteria","Proteobacteria","Gammaproteobacteria","Pseudomonadales","Moraxellaceae","Acinetobacter"
"Bacteria","Proteobacteria","Alphaproteobacteria","Caulobacterales","Caulobacteraceae","Brevundimonas"
"Bacteria","Proteobacteria","Gammaproteobacteria","Alteromonadales","Alteromonadaceae","Alteromonas"
"Bacteria","Firmicutes","Bacilli","Bacillales","Family_XII","Exiguobacterium"
"Bacteria","Proteobacteria","Alphaproteobacteria","Rhizobiales","Rhizobiales_Incertae_Sedis","Phreatobacter"
"Bacteria","Proteobacteria","Alphaproteobacteria","Sphingomonadales","Sphingomonadaceae","Sphingomonas"
"Bacteria","Cyanobacteria","Oxyphotobacteria","Nostocales","Chroococcidiopsaceae",NA
"Bacteria","Proteobacteria","Gammaproteobacteria","Betaproteobacteriales","Burkholderiaceae",NA
"Bacteria","Bacteroidetes","Bacteroidia","Chitinophagales","Saprospiraceae",NA
"Bacteria","Firmicutes","Bacilli","Bacillales","Planococcaceae","Solibacillus"
"Bacteria","Proteobacteria","Gammaproteobacteria","Pseudomonadales","Moraxellaceae","Acinetobacter"
"Bacteria","Proteobacteria","Gammaproteobacteria","Vibrionales","Vibrionaceae","Vibrio"
"Bacteria","Bacteroidetes","Bacteroidia","Flavobacteriales","Weeksellaceae","Chryseobacterium"
"Bacteria","Proteobacteria","Alphaproteobacteria","Paracaedibacterales","Paracaedibacteraceae","Candidatus_Captivus"
"Bacteria","Proteobacteria","Gammaproteobacteria","Betaproteobacteriales","Burkholderiaceae","Tepidimonas"
"Bacteria","Proteobacteria","Alphaproteobacteria","Rhodobacterales","Rhodobacteraceae","Tabrizicola"
"Bacteria","Proteobacteria","Alphaproteobacteria","Rhizobiales","Rhizobiaceae","Allorhizobium-Neorhizobium-Pararhizobium-Rhizobium"
"Bacteria","Bacteroidetes","Bacteroidia","Bacteroidales","Prevotellaceae","Prevotella"
"Bacteria","Bacteroidetes","Bacteroidia","Flavobacteriales","Crocinitomicaceae","Fluviicola"
"Bacteria","Verrucomicrobia","Verrucomicrobiae","Pedosphaerales","Pedosphaeraceae",NA
"Bacteria","Proteobacteria","Gammaproteobacteria","Alteromonadales","Alteromonadaceae","Rheinheimera"
"Bacteria","Proteobacteria","Gammaproteobacteria","Betaproteobacteriales","Burkholderiaceae",NA
"Bacteria","Bacteroidetes","Bacteroidia","Chitinophagales","Saprospiraceae",NA
"Bacteria","Proteobacteria","Alphaproteobacteria","Rickettsiales","Mitochondria",NA
"Bacteria","Proteobacteria","Gammaproteobacteria","Pseudomonadales","Moraxellaceae","Acinetobacter"
"Bacteria","Actinobacteria","Actinobacteria","Corynebacteriales","Corynebacteriaceae","Corynebacterium_1"
"Bacteria","Proteobacteria","Gammaproteobacteria","Alteromonadales","Alteromonadaceae","Rheinheimera"
"Bacteria","Firmicutes","Clostridia","Clostridiales","Clostridiaceae_1","Clostridium_sensu_stricto_1"
"Bacteria","Bacteroidetes","Bacteroidia","Cytophagales","Spirosomaceae","Runella"
"Bacteria","Proteobacteria","Gammaproteobacteria","Betaproteobacteriales","Burkholderiaceae","Tepidimonas"
"Bacteria","Dependentiae","Babeliae","Babeliales",NA,NA
"Bacteria","Actinobacteria","Actinobacteria","Corynebacteriales","Corynebacteriaceae","Corynebacterium_1"
"Bacteria","Proteobacteria","Gammaproteobacteria",NA,NA,NA
"Eukaryota",NA,NA,NA,NA,NA
"Bacteria","Proteobacteria","Gammaproteobacteria","Alteromonadales","Shewanellaceae","Shewanella"
"Bacteria","Proteobacteria","Alphaproteobacteria","Rickettsiales","Mitochondria",NA
"Bacteria","Deinococcus-Thermus","Deinococci","Deinococcales","Trueperaceae","Truepera"
"Bacteria","Firmicutes","Bacilli","Lactobacillales","Streptococcaceae","Streptococcus"
"Bacteria","Proteobacteria","Gammaproteobacteria","Aeromonadales","Aeromonadaceae",NA
"Bacteria","Proteobacteria","Gammaproteobacteria","Pseudomonadales","Moraxellaceae",NA
"Bacteria","Deinococcus-Thermus","Deinococci","Deinococcales","Trueperaceae","Truepera"
"Bacteria","Actinobacteria","Actinobacteria","Corynebacteriales","Corynebacteriaceae","Corynebacterium_1"
"Bacteria","Actinobacteria","Actinobacteria","Corynebacteriales","Nocardiaceae","Nocardia"
"Bacteria","Proteobacteria","Gammaproteobacteria","Betaproteobacteriales","Burkholderiaceae","Ottowia"
"Bacteria","Firmicutes","Bacilli","Bacillales","Family_XII","Exiguobacterium"
"Bacteria","Proteobacteria","Gammaproteobacteria","Alteromonadales","Alteromonadaceae","Rheinheimera"
"Bacteria","Actinobacteria","Actinobacteria","Corynebacteriales","Corynebacteriaceae","Corynebacterium_1"
"Bacteria","Bacteroidetes","Bacteroidia","Cytophagales","Spirosomaceae","Runella"
"Bacteria","Proteobacteria","Deltaproteobacteria","Bdellovibrionales","Bdellovibrionaceae","Bdellovibrio"
"Bacteria","Proteobacteria","Gammaproteobacteria","Betaproteobacteriales","Chitinibacteraceae","Chitinibacter"
"Bacteria","Bacteroidetes","Bacteroidia","Chitinophagales","Chitinophagaceae","Terrimonas"
"Bacteria","Proteobacteria","Gammaproteobacteria","Betaproteobacteriales","Burkholderiaceae","Rhizobacter"
"Bacteria","Proteobacteria","Gammaproteobacteria","Betaproteobacteriales","Burkholderiaceae","Burkholderia-Caballeronia-Paraburkholderia"
"Eukaryota",NA,NA,NA,NA,NA
"Bacteria","Actinobacteria","Actinobacteria","Corynebacteriales","Mycobacteriaceae","Mycobacterium"
"Bacteria","Firmicutes","Bacilli","Bacillales","Family_XII","Exiguobacterium"
"Bacteria","Proteobacteria","Deltaproteobacteria","Bdellovibrionales","Bdellovibrionaceae","Bdellovibrio"
"Bacteria","Verrucomicrobia","Verrucomicrobiae","Chthoniobacterales","Terrimicrobiaceae","FukuN18_freshwater_group"
"Bacteria","Proteobacteria","Gammaproteobacteria","Pseudomonadales","Moraxellaceae",NA
"Bacteria","Bacteroidetes","Bacteroidia","Flavobacteriales","Flavobacteriaceae","Croceibacter"
"Bacteria","Firmicutes","Bacilli","Lactobacillales","Lactobacillaceae","Lactobacillus"
"Bacteria","Proteobacteria","Alphaproteobacteria","Sphingomonadales","Sphingomonadaceae","Rhizorhapis"
"Bacteria","Bacteroidetes","Bacteroidia","Cytophagales","Spirosomaceae","Runella"
"Bacteria","Actinobacteria","Actinobacteria","Micrococcales","Dermabacteraceae","Brachybacterium"
"Bacteria","Proteobacteria","Gammaproteobacteria","Enterobacteriales","Enterobacteriaceae","Plesiomonas"
"Bacteria","Verrucomicrobia","Verrucomicrobiae","Pedosphaerales","Pedosphaeraceae",NA
"Bacteria","Fusobacteria","Fusobacteriia","Fusobacteriales","Fusobacteriaceae","Cetobacterium"
"Bacteria","Proteobacteria","Gammaproteobacteria","Aeromonadales","Aeromonadaceae","Aeromonas"
"Bacteria","Proteobacteria","Gammaproteobacteria","Alteromonadales","Alteromonadaceae","Rheinheimera"
"Bacteria","Proteobacteria","Alphaproteobacteria","Rhodobacterales","Rhodobacteraceae","Paracoccus"
"Bacteria","Firmicutes","Bacilli","Bacillales","Family_XI","Gemella"
"Bacteria","Proteobacteria","Gammaproteobacteria","Betaproteobacteriales","Burkholderiaceae",NA
"Bacteria","Firmicutes","Bacilli","Bacillales","Bacillaceae","Bacillus"
"Bacteria","Proteobacteria","Alphaproteobacteria","Paracaedibacterales","Paracaedibacteraceae","Candidatus_Paracaedibacter"
"Bacteria","Proteobacteria","Gammaproteobacteria","Betaproteobacteriales","Burkholderiaceae",NA
"Bacteria","Proteobacteria","Deltaproteobacteria","Bdellovibrionales","Bdellovibrionaceae","Bdellovibrio"
"Bacteria","Proteobacteria","Gammaproteobacteria","Betaproteobacteriales","Burkholderiaceae","Variovorax"
"Bacteria","Bacteroidetes","Bacteroidia","Cytophagales","Microscillaceae","Ohtaekwangia"
"Bacteria","Bacteroidetes","Bacteroidia","Chitinophagales","Chitinophagaceae","Terrimonas"
"Bacteria","Proteobacteria","Deltaproteobacteria","Bdellovibrionales","Bdellovibrionaceae","Bdellovibrio"
"Bacteria","Proteobacteria","Alphaproteobacteria","Caulobacterales","Caulobacteraceae","Brevundimonas"
"Bacteria","Firmicutes","Bacilli","Bacillales","Planococcaceae","Chryseomicrobium"
"Bacteria","Bacteroidetes","Bacteroidia","Cytophagales","Spirosomaceae","Runella"
"Bacteria","Firmicutes","Erysipelotrichia","Erysipelotrichales","Erysipelotrichaceae","ZOR0006"
"Bacteria","Actinobacteria","Actinobacteria","Corynebacteriales","Dietziaceae","Dietzia"
"Bacteria","Proteobacteria","Gammaproteobacteria","Betaproteobacteriales","Burkholderiaceae","Hydrogenophaga"
"Bacteria","Proteobacteria","Gammaproteobacteria","Betaproteobacteriales","Burkholderiaceae",NA
"Bacteria","Proteobacteria","Alphaproteobacteria","Sphingomonadales","Sphingomonadaceae","Novosphingobium"
"Bacteria","Bacteroidetes","Bacteroidia","Flavobacteriales","Crocinitomicaceae","Fluviicola"
"Bacteria","Firmicutes","Bacilli","Bacillales","Family_XII","Exiguobacterium"
"Bacteria","Proteobacteria","Alphaproteobacteria","Caulobacterales","Caulobacteraceae","Phenylobacterium"
"Bacteria","Proteobacteria","Deltaproteobacteria","Myxococcales","Polyangiaceae","Pajaroellobacter"
"Bacteria","Proteobacteria","Alphaproteobacteria","Sphingomonadales","Sphingomonadaceae","Sphingomonas"
"Bacteria","Proteobacteria","Gammaproteobacteria","Betaproteobacteriales","Burkholderiaceae","Hydrogenophaga"
"Bacteria","Firmicutes","Bacilli","Bacillales","Staphylococcaceae","Staphylococcus"
"Bacteria","Firmicutes","Bacilli","Bacillales","Staphylococcaceae","Staphylococcus"
"Bacteria","Bacteroidetes","Bacteroidia","Chitinophagales","Chitinophagaceae","Dinghuibacter"
"Bacteria","Proteobacteria","Gammaproteobacteria","Betaproteobacteriales","Burkholderiaceae","Burkholderia-Caballeronia-Paraburkholderia"
"Bacteria","Proteobacteria","Gammaproteobacteria","Betaproteobacteriales","Burkholderiaceae","Pandoraea"
"Bacteria","Actinobacteria","Actinobacteria","Corynebacteriales","Mycobacteriaceae","Mycobacterium"
"Bacteria","Actinobacteria","Actinobacteria","Micrococcales","Micrococcaceae","Micrococcus"
"Bacteria","Bacteroidetes","Bacteroidia","Cytophagales","Microscillaceae",NA
"Bacteria","Proteobacteria","Gammaproteobacteria","Betaproteobacteriales","Burkholderiaceae","Burkholderia-Caballeronia-Paraburkholderia"
"Bacteria","Proteobacteria","Gammaproteobacteria","Enterobacteriales","Enterobacteriaceae","Escherichia/Shigella"
"Bacteria","Verrucomicrobia","Verrucomicrobiae","Pedosphaerales","Pedosphaeraceae",NA
"Bacteria","Proteobacteria","Gammaproteobacteria","Betaproteobacteriales","Burkholderiaceae","Pelomonas"
"Bacteria","Bacteroidetes","Bacteroidia","Flavobacteriales","Flavobacteriaceae","Capnocytophaga"
"Bacteria","Nitrospirae","Nitrospira","Nitrospirales","Nitrospiraceae","Nitrospira"
"Bacteria","Proteobacteria","Gammaproteobacteria",NA,NA,NA
"Bacteria","Proteobacteria","Gammaproteobacteria","Alteromonadales","Alteromonadaceae","Rheinheimera"
"Bacteria","Proteobacteria","Alphaproteobacteria","Rhodospirillales",NA,NA
"Eukaryota",NA,NA,NA,NA,NA
"Bacteria","Proteobacteria","Gammaproteobacteria","Alteromonadales","Shewanellaceae","Shewanella"
"Bacteria","Dependentiae","Babeliae","Babeliales",NA,NA
"Bacteria","Proteobacteria","Gammaproteobacteria","Alteromonadales","Alteromonadaceae","Alteromonas"
"Bacteria","Proteobacteria","Gammaproteobacteria","Enterobacteriales","Enterobacteriaceae","Escherichia/Shigella"
"Bacteria","Proteobacteria","Gammaproteobacteria","Betaproteobacteriales","Burkholderiaceae","Acidovorax"
"Bacteria","Fusobacteria","Fusobacteriia","Fusobacteriales","Fusobacteriaceae",NA
"Bacteria","Nitrospirae","Nitrospira","Nitrospirales","Nitrospiraceae","Nitrospira"
"Bacteria","Firmicutes","Bacilli","Bacillales","Family_XII","Exiguobacterium"
"Bacteria","Actinobacteria","Actinobacteria","Micrococcales","Micrococcaceae","Micrococcus"
"Bacteria","Proteobacteria","Alphaproteobacteria","Rhizobiales","Hyphomicrobiaceae","Hyphomicrobium"
"Bacteria","Bacteroidetes","Bacteroidia","Cytophagales","Spirosomaceae","Emticicia"
"Eukaryota",NA,NA,NA,NA,NA
"Bacteria","Proteobacteria","Gammaproteobacteria","Betaproteobacteriales","Neisseriaceae",NA
"Bacteria","Proteobacteria","Alphaproteobacteria","Rhodobacterales","Rhodobacteraceae","Sulfitobacter"
"Bacteria","Proteobacteria","Gammaproteobacteria","Betaproteobacteriales","Chitinibacteraceae","Chitinibacter"
"Bacteria","Proteobacteria","Gammaproteobacteria","Betaproteobacteriales","Burkholderiaceae","Acidovorax"
"Bacteria","Proteobacteria","Deltaproteobacteria",NA,NA,NA
"Eukaryota",NA,NA,NA,NA,NA
"Bacteria","Bacteroidetes","Bacteroidia","Flavobacteriales","Flavobacteriaceae","Bizionia"
"Bacteria","Proteobacteria","Gammaproteobacteria","Enterobacteriales","Enterobacteriaceae","Plesiomonas"
"Bacteria","Elusimicrobia","Elusimicrobia","Lineage_IV",NA,NA
"Bacteria","Proteobacteria","Deltaproteobacteria","Bdellovibrionales","Bdellovibrionaceae","Bdellovibrio"
"Bacteria","Deinococcus-Thermus","Deinococci","Deinococcales","Deinococcaceae","Deinococcus"
"Bacteria","Deinococcus-Thermus","Deinococci","Deinococcales","Deinococcaceae","Deinococcus"
"Bacteria","Proteobacteria","Gammaproteobacteria","Pseudomonadales","Pseudomonadaceae","Pseudomonas"
"Bacteria","Proteobacteria","Gammaproteobacteria","Pseudomonadales","Pseudomonadaceae","Pseudomonas"
"Bacteria","Proteobacteria","Gammaproteobacteria","Betaproteobacteriales","Burkholderiaceae",NA
"Bacteria","Proteobacteria","Alphaproteobacteria","Sphingomonadales","Sphingomonadaceae","Sphingomonas"
NA,NA,NA,NA,NA,NA
"Bacteria","Bacteroidetes","Bacteroidia","Cytophagales","Microscillaceae","Ohtaekwangia"
"Bacteria","Proteobacteria","Alphaproteobacteria","Micropepsales","Micropepsaceae",NA
"Bacteria","Proteobacteria","Gammaproteobacteria","Betaproteobacteriales","Burkholderiaceae","Acidovorax"
"Bacteria","Proteobacteria","Alphaproteobacteria","Rhodobacterales","Rhodobacteraceae","Paracoccus"
"Bacteria","Proteobacteria","Alphaproteobacteria","Sphingomonadales","Sphingomonadaceae","Sphingomonas"
"Bacteria","Proteobacteria","Gammaproteobacteria","Betaproteobacteriales","Burkholderiaceae","Acidovorax"
"Bacteria","Proteobacteria","Gammaproteobacteria","Betaproteobacteriales","Burkholderiaceae","Rubrivivax"
"Bacteria","Fusobacteria","Fusobacteriia","Fusobacteriales","Fusobacteriaceae","Cetobacterium"
"Bacteria","Firmicutes","Clostridia","Clostridiales","Family_XI","Finegoldia"
"Bacteria","Bacteroidetes","Bacteroidia","Flavobacteriales","Weeksellaceae","Cloacibacterium"
"Bacteria","Proteobacteria","Gammaproteobacteria","Enterobacteriales","Enterobacteriaceae",NA
"Bacteria","Bacteroidetes","Bacteroidia","Bacteroidales","Tannerellaceae","Macellibacteroides"
"Bacteria","Tenericutes","Mollicutes","Mycoplasmatales","Mycoplasmataceae","Mycoplasma"
"Bacteria","Fusobacteria","Fusobacteriia","Fusobacteriales","Fusobacteriaceae","Fusobacterium"
"Bacteria","Proteobacteria","Gammaproteobacteria","Pseudomonadales","Pseudomonadaceae","Pseudomonas"
"Bacteria","Bacteroidetes","Bacteroidia","Sphingobacteriales","Sphingobacteriaceae","Nubsella"
"Bacteria","Proteobacteria","Gammaproteobacteria","Betaproteobacteriales","Burkholderiaceae","Burkholderia-Caballeronia-Paraburkholderia"
"Bacteria","Proteobacteria","Gammaproteobacteria","Betaproteobacteriales","Burkholderiaceae","Burkholderia-Caballeronia-Paraburkholderia"
"Bacteria","Nitrospirae","Nitrospira","Nitrospirales","Nitrospiraceae","Nitrospira"
"Bacteria","Proteobacteria","Gammaproteobacteria","Pseudomonadales","Moraxellaceae","Enhydrobacter"
"Bacteria","Bacteroidetes","Bacteroidia","Flavobacteriales","Weeksellaceae","Cloacibacterium"
"Bacteria","Proteobacteria","Gammaproteobacteria","Pseudomonadales","Pseudomonadaceae","Pseudomonas"
"Bacteria","Proteobacteria","Gammaproteobacteria","Betaproteobacteriales","Neisseriaceae","Neisseria"
"Bacteria","Proteobacteria","Alphaproteobacteria","Rhodobacterales","Rhodobacteraceae","Rhodobacter"
"Bacteria","Firmicutes","Bacilli","Lactobacillales","Leuconostocaceae","Weissella"
"Bacteria","Firmicutes","Bacilli","Bacillales","Family_XII","Exiguobacterium"
"Bacteria","Proteobacteria","Gammaproteobacteria","Enterobacteriales","Enterobacteriaceae","Plesiomonas"
"Bacteria","Proteobacteria","Alphaproteobacteria","Sphingomonadales","Sphingomonadaceae","Sphingomonas"
"Bacteria","Proteobacteria","Deltaproteobacteria","Oligoflexales","0319-6G20",NA
"Bacteria","Proteobacteria","Gammaproteobacteria","Betaproteobacteriales","Chromobacteriaceae","Crenobacter"
"Bacteria","Fusobacteria","Fusobacteriia","Fusobacteriales","Fusobacteriaceae","Cetobacterium"
"Bacteria","Proteobacteria","Gammaproteobacteria","Betaproteobacteriales","Burkholderiaceae","Aquabacterium"
"Bacteria","Actinobacteria","Actinobacteria","Corynebacteriales","Mycobacteriaceae","Mycobacterium"
"Bacteria","Proteobacteria","Gammaproteobacteria","Enterobacteriales","Enterobacteriaceae","Escherichia/Shigella"
"Bacteria","Proteobacteria","Alphaproteobacteria","Sphingomonadales","Sphingomonadaceae","Erythrobacter"
"Bacteria","Cyanobacteria","Melainabacteria","Obscuribacterales",NA,NA
"Bacteria","Deinococcus-Thermus","Deinococci","Deinococcales","Trueperaceae","Truepera"
NA,NA,NA,NA,NA,NA
"Bacteria","Firmicutes","Bacilli","Bacillales","Staphylococcaceae","Staphylococcus"
"Bacteria","Proteobacteria","Alphaproteobacteria","Rhodobacterales","Rhodobacteraceae","Paracoccus"
"Bacteria","Firmicutes","Bacilli","Lactobacillales","Leuconostocaceae","Weissella"
"Bacteria","Firmicutes","Erysipelotrichia","Erysipelotrichales","Erysipelotrichaceae","ZOR0006"
"Bacteria","Proteobacteria","Gammaproteobacteria","Alteromonadales","Alteromonadaceae","Alteromonas"
"Bacteria","Actinobacteria","Actinobacteria","Propionibacteriales","Nocardioidaceae","Nocardioides"
"Bacteria","Proteobacteria","Gammaproteobacteria","Betaproteobacteriales","Burkholderiaceae","Pelomonas"
"Bacteria","Fusobacteria","Fusobacteriia","Fusobacteriales","Fusobacteriaceae","Cetobacterium"
"Bacteria","Proteobacteria","Alphaproteobacteria","Rhizobiales","Xanthobacteraceae","Afipia"
"Bacteria","Proteobacteria","Alphaproteobacteria","Rhizobiales","Xanthobacteraceae","Afipia"
"Bacteria","Proteobacteria","Gammaproteobacteria","Aeromonadales","Aeromonadaceae","Aeromonas"
"Bacteria","Bacteroidetes","Bacteroidia","Cytophagales","Cyclobacteriaceae","Roseivirga"
"Bacteria","Proteobacteria","Gammaproteobacteria","Betaproteobacteriales","Burkholderiaceae","Limnobacter"
"Bacteria","Bacteroidetes","Bacteroidia","Sphingobacteriales","Sphingobacteriaceae","Mucilaginibacter"
"Bacteria","Proteobacteria","Alphaproteobacteria","Paracaedibacterales","Paracaedibacteraceae",NA
"Bacteria","Deinococcus-Thermus","Deinococci","Deinococcales","Trueperaceae","Truepera"
"Bacteria","Proteobacteria","Gammaproteobacteria","Alteromonadales","Shewanellaceae","Shewanella"
"Eukaryota",NA,NA,NA,NA,NA
"Bacteria","Actinobacteria","Actinobacteria","Corynebacteriales","Corynebacteriaceae","Corynebacterium"
"Bacteria","Firmicutes","Bacilli","Bacillales","Paenibacillaceae","Brevibacillus"
"Bacteria","Proteobacteria","Gammaproteobacteria","Betaproteobacteriales","Rhodocyclaceae","Niveibacterium"
"Bacteria","Proteobacteria","Gammaproteobacteria","Pseudomonadales","Pseudomonadaceae","Pseudomonas"
"Bacteria","Bacteroidetes","Bacteroidia","Cytophagales","Microscillaceae",NA
"Bacteria","Proteobacteria","Gammaproteobacteria","Oceanospirillales","Halomonadaceae","Halomonas"
"Bacteria","Firmicutes","Bacilli","Lactobacillales","Streptococcaceae","Streptococcus"
"Bacteria","Proteobacteria","Alphaproteobacteria","Sphingomonadales","Sphingomonadaceae","Erythrobacter"
"Bacteria","Proteobacteria","Gammaproteobacteria","Gammaproteobacteria_Incertae_Sedis","Unknown_Family","Candidatus_Ovatusbacter"
"Bacteria","Firmicutes","Bacilli","Lactobacillales","Aerococcaceae","Eremococcus"
"Bacteria","Fusobacteria","Fusobacteriia","Fusobacteriales","Fusobacteriaceae","Cetobacterium"
"Bacteria","Proteobacteria","Gammaproteobacteria","Betaproteobacteriales","Rhodocyclaceae","Methyloversatilis"
"Bacteria","Bacteroidetes","Bacteroidia","Flavobacteriales","Flavobacteriaceae","Muricauda"
"Bacteria","Proteobacteria","Gammaproteobacteria","Betaproteobacteriales","Burkholderiaceae","Undibacterium"
